user_id,book_id,rating_predict
281,2461928,8.952816
1250,31957,8.055143
4241,196603,8.576407
5140,468894,10.0
7781,2141951,4.2745247
8391,4684864,10.0
13350,2927125,8.031142
13680,2712011,6.517817
13810,2450736,7.805302
14950,531001,6.235992
14990,3262102,7.8371534
15651,634493,7.1756063
15710,2145220,6.5661583
15760,1251642,0.0
16510,2121783,9.885056
16711,1352957,6.5304117
16751,3802522,9.864228
17450,479190,8.422623
17531,3836839,8.319832
18110,2599190,9.339601
20080,614433,7.8677044
21671,1612347,8.139547
24231,2762412,8.3035345
25190,2129220,9.755402
26301,482039,7.369523
26670,1341085,7.3304744
26851,2577789,8.8224325
27991,2141884,0.04310974
28231,173943,6.3160954
28270,195089,0.39479744
28951,2770245,10.0
29361,436461,7.925728
29700,3991237,8.705798
30160,1292056,9.400411
32451,2215245,5.2528753
33340,1722927,8.27887
34041,2423293,7.2425666
36270,4603603,10.0
37081,2694951,9.8605
38661,763349,10.0
39411,1354194,7.9194956
39541,1750748,9.628657
39881,306521,8.246908
40330,2578149,8.818718
40520,489872,1.7336711
41150,4625218,9.391291
42150,473926,8.57302
42410,2141871,7.3181376
42511,132629,6.675437
44861,442320,6.460923
46650,194451,10.0
47410,2467103,6.6960673
48221,188442,1.1363136
48890,261421,8.884649
49261,131228,1.2023712
49380,2425135,8.628368
50691,492895,9.031568
51041,2276715,8.293713
51630,901731,7.2881837
52680,195678,8.138083
52741,2484967,9.147593
53811,496731,8.191738
54711,2231627,0.0
54911,1577474,7.9974427
55161,1947821,8.166626
55171,3789592,0.0
55251,2463719,9.0817
55470,1726328,7.2721505
55861,2522356,9.886163
56360,2443326,6.207063
56410,3801229,1.0263029
57591,212216,9.25629
57711,327556,7.0245457
59011,5175577,9.5749855
59130,1118435,8.959437
59260,5069705,9.129991
60390,6222,7.9181914
60520,2818720,9.6656475
60521,986524,0.33410403
60730,5075707,4.7445507
61020,117529,7.8776813
61560,5194960,7.844972
61691,2266658,8.010486
62090,2604131,7.575327
62451,2435077,8.518605
63830,2301271,5.73544
64000,2287253,8.524047
64080,1083718,6.944146
64530,1462245,6.392752
66320,2279501,5.3188524
66860,2482997,6.7424164
67000,2573148,9.872045
67350,2209477,7.1739845
68131,4289227,10.0
68790,1610935,8.776479
69580,3182068,8.328673
69711,2588792,10.0
72241,2532359,8.703911
73081,3786424,9.459075
73301,986032,7.3380327
74030,4564129,10.0
74200,3741640,8.611995
74571,2212149,5.218619
76211,313514,9.022278
76220,2300478,8.850808
76811,432544,8.848351
78640,1636917,9.9374
79031,1201840,9.148985
79070,4018180,7.606078
79100,2229477,7.617612
79380,3766759,7.9319053
79851,562680,6.598846
80320,1709068,7.59965
80530,4582423,9.880447
80861,1523651,3.926175
81450,2316186,9.800006
82160,4612210,10.0
82490,476483,5.574925
83960,306445,7.178187
84471,484227,1.7249079
84801,6017890,6.3448653
84910,25357,10.0
85231,4148959,10.0
85321,2690529,8.891421
85430,2343168,5.693698
85580,3785716,7.8574605
86020,3593470,6.4892845
86070,1751584,3.984782
86261,5119510,6.8818536
86470,128220,7.7095323
87071,713520,9.476127
87860,692712,5.0636983
87891,4794718,10.0
88321,2527562,5.141694
88751,4811725,10.0
89561,2362532,8.161461
89581,2546856,8.604486
90121,2577789,8.246369
91421,504193,8.929609
91441,1339374,7.9620337
91690,422,6.783077
92030,1242504,10.0
93041,4752370,8.384696
95610,2391185,9.770398
95691,313787,8.471065
96241,477223,8.2757
96361,1853932,9.896353
97300,1333065,10.0
97921,568079,9.46637
98071,4183999,7.7946167
98401,2012,4.029672
98911,35960,9.141703
99511,181149,8.5122595
100090,612487,9.421908
100770,449072,8.642871
102621,2571359,3.2453494
102640,3465649,8.663143
102770,3768418,6.4786563
103041,2531639,8.027453
103490,472043,9.470467
103850,103863,9.044097
103860,316084,5.465266
104111,2712011,6.916175
104461,129739,6.6787405
106071,1956388,9.1408415
106150,5144353,9.576928
107391,2575859,9.753196
108590,243334,10.0
108961,2401452,9.913136
109040,214879,8.46733
109061,2320592,6.3907046
109111,183602,10.0
109350,7209358,8.089327
109651,778484,6.768633
110240,4360447,9.666397
110400,2599190,9.91692
110580,1079,8.028618
110601,911676,8.750255
110610,4741048,10.0
110631,1806628,8.477976
110871,2610042,8.274177
110900,216878,6.884186
112441,5146501,9.051541
112630,858237,6.8143277
112801,2321956,8.104825
112821,313249,8.86762
114131,4412509,0.7419792
114190,309421,8.489952
114260,3863911,9.085836
114681,3144355,0.014814583
116110,868187,9.20173
116120,481522,10.0
116540,2081705,0.0
117211,494407,9.577994
117301,2989726,8.301997
117361,931342,7.939204
117431,5168251,8.592497
117491,471599,3.7623339
117621,314177,7.005821
118861,4018180,5.7764783
118961,120160,7.354093
119901,1444766,4.8407273
119981,2242925,9.440009
120750,2286863,7.821442
120761,2215231,5.203333
121171,2318816,7.514823
121980,1288384,8.004434
122220,1353581,5.886735
122321,2608564,5.930177
122441,2209477,5.9360046
122600,264330,9.128731
122641,4879087,9.805859
122851,4177156,6.511278
123210,2145940,9.328471
123531,5075125,10.0
123840,535707,9.365994
125330,2467103,9.876889
125400,2273687,7.1058035
125511,466232,8.807401
125620,2145175,9.537419
125870,546726,9.523425
126781,2596602,7.781995
126920,2694951,6.828487
126931,2377730,9.582294
127841,1030757,9.947056
128390,859217,9.249751
128511,1442680,7.848439
129711,2458140,9.873921
129970,1299424,9.854216
130031,1206977,6.9381623
130710,453415,5.55843
131100,4908796,9.7512245
132541,2287671,6.9493036
132711,5118154,9.636626
132771,2388495,6.9675126
132950,4370989,0.92857444
132951,1239169,7.48992
133210,2486590,7.6730447
133780,2486212,8.162187
133791,2085591,9.878677
134151,5040484,7.483721
135041,3766759,6.982546
135400,2737696,6.693002
135620,3954634,6.708151
136081,4183999,9.084967
137231,2260524,8.322098
137381,4827193,9.453095
137500,1817250,3.4025683
137601,4681675,9.974751
139371,170101,9.485783
141230,534430,8.486719
141320,2577789,6.0011325
141441,681470,7.9490776
142221,3763261,9.826684
142250,800684,8.020841
142670,4181938,10.0
142931,2388329,7.799701
143241,4533115,9.803359
143471,1214445,6.894107
143881,447190,6.685376
144650,1338181,0.3861306
145061,122216,10.0
146370,4631686,10.0
147750,2883814,7.938223
148191,4432252,10.0
148840,196603,8.06147
148890,103890,7.406746
149471,573666,2.6909971
149560,471599,4.845788
149670,4552675,5.230641
150390,2139892,8.273644
150400,2391039,9.076489
150680,2251427,6.8569155
150971,872931,5.444474
151111,484504,5.981789
151121,28666,9.362293
151990,34091,8.248567
152101,4412509,0.0
152170,4295821,5.1679254
152611,3040795,7.154445
153030,129634,9.597028
153081,537558,9.056762
154291,3693118,10.0
154851,1281472,7.769213
155271,2205227,5.7661395
155281,829127,8.245641
156241,1918003,6.8722105
156371,2260199,7.6570687
156390,4268950,9.584076
156670,1932068,4.252268
156980,2484994,6.874069
157221,822326,8.16462
157440,498948,8.83172
157551,1000352,8.885163
158830,2272902,9.474098
160011,2279417,8.978805
160131,2575023,8.639993
160170,673411,7.6460013
160360,3893974,8.782146
160371,2430403,7.945599
160510,2071570,7.7678094
160741,31876,6.4785547
163161,4421068,8.732048
163400,464534,6.999079
163631,3891124,0.0
164031,460023,5.216016
164170,4096036,7.842196
166010,2577091,7.3948827
166191,2392274,5.712711
166941,428685,8.254052
167021,462665,6.0359197
167200,447103,6.6853056
167450,452117,6.227378
167610,1510247,7.9760394
168160,1326209,7.961603
168520,2579670,9.68915
168551,2381753,5.539758
168981,487276,10.0
169200,2208241,8.990155
171081,2251382,8.844455
171410,2391259,4.1428065
172571,15656,6.269138
172890,5220760,7.9740543
172951,36221,5.338193
172990,305091,9.102765
173070,2078915,8.810983
173121,4877545,5.4033504
173501,389215,8.263098
174010,4552675,9.164648
174190,443517,8.999887
174401,2879581,8.261262
174700,321150,0.3878494
175101,3174277,10.0
175500,2071831,8.382336
175690,201483,6.011789
176640,2525028,8.761204
176700,1271808,7.330788
176741,4020370,7.813421
176750,4311490,0.7045248
177511,311267,10.0
177681,2471471,7.5912514
178071,2482461,8.981551
178091,4741048,9.720528
178390,2180196,6.878334
179720,2273687,7.6136017
179830,800684,6.253249
179940,356451,10.0
180750,4005610,6.5581775
181480,438672,9.715093
181510,2256539,0.56743234
182561,2277015,8.185427
183081,463784,0.31247154
183231,1552736,9.409614
183730,1796985,6.7502975
183860,2259706,10.0
184741,459282,7.7462115
185000,2382555,5.5967383
185320,1354988,6.422312
185950,1829938,7.3458576
186450,162458,6.33427
187570,2204362,9.0593605
188461,2600001,6.471152
188641,481572,9.050986
189851,3448510,10.0
190181,644525,9.87539
190650,402609,8.125036
190900,1046376,9.721246
191450,2139892,8.560428
191711,4075519,7.916149
191811,460012,7.564213
191921,4018180,6.3940053
192300,2610500,8.315687
192551,2476171,7.0877624
192641,2550430,9.079346
192701,1650579,6.390313
193061,215689,9.712409
194640,468013,7.610779
195341,2341532,7.545696
195961,4595326,9.640667
196010,253112,10.0
196801,2215214,7.889164
197080,2604421,5.4042506
197110,4673368,8.234025
197441,2543439,9.030768
198871,4943551,7.571235
199020,2063519,8.059956
199950,2473078,7.839686
200500,2340191,8.707529
200971,2427627,9.107992
200980,2334724,9.730194
201100,2942662,2.4449422
201121,4025413,10.0
201190,387779,7.8014026
201601,2600366,7.369032
201620,28498,6.088978
201660,541600,7.982073
202071,166554,7.1804056
202151,1185181,2.6235118
202481,3884554,8.883869
202771,3916879,3.952081
204210,3228,9.083943
204451,1798025,9.392963
204561,145925,6.041492
205040,3307879,6.0484266
205201,2599190,9.624085
205951,625273,7.5060353
206130,2302653,8.40741
206241,850123,8.3610325
206420,2438898,4.576624
206570,9695,10.0
206860,2371874,6.593667
207150,840112,4.552396
207540,312722,0.8921082
207710,414903,10.0
207751,4238251,6.1811004
207790,2131332,7.5179844
208230,2694951,6.0900397
208650,2854876,10.0
208760,1826129,6.721266
208950,1389198,8.402383
209920,320876,8.563
209971,4268815,10.0
210401,1868694,6.6991434
210541,561983,7.6993637
210561,716862,6.490564
210941,2372787,10.0
211131,454135,8.112565
212161,538751,8.424943
212341,2466103,6.311409
212350,3908170,0.0
213001,541497,8.4834585
213090,2528013,1.7403023
213410,693650,8.484663
213950,2854876,9.420179
214221,2404808,0.76238024
214300,5168,7.9222975
215210,1130783,7.488742
215301,127232,9.366896
215510,5992732,8.702128
216060,2595480,7.6135592
216311,355439,9.732238
216530,490080,9.488292
217081,2737394,3.647194
217411,212216,8.3518095
217611,1004181,10.0
217860,4311712,6.5390587
218611,931342,7.877564
219500,8467358,8.607336
219851,4396336,0.7443306
219980,1277744,3.0493503
220931,2560622,8.26035
221411,8369,8.349155
221950,308428,0.9395619
222591,261524,6.959355
223341,1198693,8.730252
223760,478773,8.616069
224191,2447140,7.3055005
224341,2391405,9.366812
224491,2285934,5.053273
225340,2368374,9.571526
225600,324393,8.572255
225791,2256249,8.18046
226141,3442753,1.2168001
226491,449930,8.974394
226711,3113920,9.041766
227021,2141878,7.2161922
227091,1242,7.064294
227161,3113920,8.553788
227351,2141951,7.551556
227440,424004,8.897343
227521,2381753,5.2551866
227530,433138,9.664521
227921,435689,7.361183
228910,491287,7.3842025
229460,1738984,8.531143
229621,374583,7.627306
230450,4251175,0.7242373
230720,5941771,8.620252
230851,5679028,3.9158125
231280,2912968,1.0878978
231510,3795157,8.503972
231690,2854540,4.0718827
231881,1469286,8.228469
232370,717,6.54843
232611,15311,6.71713
233250,99875,6.6908135
233511,19071,8.026206
233860,2077927,8.309506
234470,273610,7.4136777
234901,326664,8.892233
235121,6034,8.0691595
235171,1720918,8.564511
236180,1100180,3.4313247
237030,305091,9.406987
237191,5240974,10.0
237320,3758968,9.6066065
239110,1274157,8.417215
239121,482090,7.785367
239561,2753592,8.846484
239660,2145226,9.5619955
239710,314889,7.897066
239930,308125,8.637617
240031,462548,8.772272
240490,230222,8.528096
241811,2927122,8.226167
242281,25357,7.5599017
242290,504685,9.756998
242550,1767667,9.2084675
242971,1079,9.821729
243221,2576730,7.810086
243501,2435139,7.778369
243751,2579670,9.762343
243871,18790,8.255946
244010,1198519,7.9788547
244091,3441835,6.1767826
244191,2308809,7.5762568
244320,460790,7.4932575
244761,2477635,7.549689
244951,714189,9.977225
244971,5075125,10.0
244990,1271808,9.458803
245240,471655,9.5260725
245720,307196,9.59996
245881,2198457,9.140548
246280,2476538,6.973088
246641,461022,0.6576878
246770,1753316,9.193336
247231,449623,8.739972
247851,514610,5.4923873
248091,122054,6.7220902
248490,2464530,0.0
248671,4641646,9.272218
249090,2372666,5.604486
249570,763611,2.2231238
249630,1250114,1.6052127
249720,4421068,8.995565
251211,3727723,8.56453
251250,573120,9.152822
251410,5119,6.046534
251600,2473942,8.314687
251990,982417,7.5898933
252040,304476,9.528576
252550,2106490,7.446345
253001,691004,7.703007
253761,469966,0.0
254121,982720,10.0
254280,681470,9.400016
254461,1546667,7.6655545
254500,2344017,8.379769
255161,273772,7.260488
255381,1730066,4.209621
255700,4127287,8.014036
255711,1836656,7.6717696
255901,2378091,8.84655
255920,485341,7.2656054
255931,2238727,9.382067
256290,625734,8.873565
256340,999574,8.546905
256781,2286120,8.639677
256860,2300795,9.420126
257041,2600366,3.0917795
257331,5108425,10.0
257551,2297476,5.9391685
258471,2221677,7.308739
258491,1354194,8.02094
258631,2259919,8.347516
259320,2450614,7.11049
259450,3853429,7.918905
260430,1826143,8.434158
260940,461023,6.071924
261340,2470824,4.127481
261551,459282,8.49675
262251,826458,5.0195374
262620,464946,5.6238546
262720,4029277,8.442319
262760,3954850,0.5531728
263391,2340891,8.425225
263440,229709,7.6792064
265481,4876090,9.4163685
266530,2604672,6.193394
267521,2580260,8.021002
268550,226126,8.724944
268651,314889,5.7841125
268790,2409026,4.6974688
268861,5039041,8.3462515
268991,2426709,7.223391
269020,6447652,8.821792
269061,6841975,5.8912234
269361,4394638,9.653764
269481,7078906,8.101354
269500,975284,7.8180237
269540,22695,9.67911
270311,305091,9.012797
270491,5036077,9.601981
270750,1415586,6.816434
271090,901725,8.028614
271710,2318061,8.737368
272100,1273027,7.4799466
272311,2436870,7.2290177
273230,1609097,9.195608
273850,1253683,8.958164
274771,502441,5.2921557
278861,304531,7.0878134
279461,2856001,9.350654
279580,511816,6.851757
279940,1552732,9.634582
280721,4757194,9.866492
281471,3083248,7.287763
281531,468389,7.237343
282750,4387630,9.975212
282941,232739,6.883654
284340,4143616,9.610261
286610,3877819,9.912447
287781,2214808,8.91058
287991,2216183,8.293455
290920,493188,7.9325137
293591,3103204,10.0
294480,470346,8.07878
295291,2291653,5.0142546
296740,842340,8.927577
297470,387779,5.9327183
299441,6841975,9.710696
300190,1350395,8.232692
301720,2463962,9.178939
302910,1077459,6.497728
303021,2427684,7.5801477
304091,485720,8.817319
306890,1389198,8.815209
307100,1339176,8.9770355
307151,2854876,8.799006
307791,2602455,9.873629
307800,8336450,9.488628
309371,1118435,8.601256
309841,1326209,9.302707
310530,875930,9.4324465
311001,4421068,8.940308
311111,830798,9.800238
311610,1812537,8.626425
312350,916431,7.123504
313011,1774131,6.1276765
314091,32273,8.336972
314621,2273023,8.845127
314710,31099,8.249073
315091,1689260,0.27655926
315511,328097,8.804405
315580,4570615,9.323981
315951,1097356,9.53376
316270,312058,6.9002132
317330,3174526,8.209261
317520,2531639,7.7966247
317631,99886,6.960154
317641,4127287,8.307461
317881,4020766,7.123407
318180,2277007,7.433111
318360,672166,7.975533
320341,446448,9.234963
322881,1957553,9.048858
324900,2895571,10.0
327180,1139781,9.4698715
327950,2770245,9.64711
330601,1362074,9.360877
332071,364144,8.429472
333361,2141878,5.8042746
335250,954946,8.131568
336000,1281957,6.634586
336441,103890,8.847686
336450,2543486,8.986516
337561,130794,8.753625
337600,5220724,8.37227
337891,98184,5.3810964
339050,479829,6.5384536
342291,7251913,10.0
342360,2463590,8.8044195
343431,4696876,10.0
343591,2918407,10.0
343620,244853,9.923961
344110,2001351,10.0
344191,4731400,10.0
347090,97428,7.016635
347811,2107,6.58964
351800,1198693,8.132099
351870,2482917,8.878646
352390,1266045,5.101491
352430,477264,8.164
352700,4897,7.4128094
354541,4018594,8.684246
357080,4542781,9.334784
357260,102172,6.4761777
357711,2254200,4.396734
357761,305091,9.528935
360751,501632,3.329745
361950,840500,6.5155625
364420,533126,9.733108
366020,160,4.0922737
366901,1326165,6.7803125
369020,851099,2.304887
369321,2596683,8.370362
369890,869386,9.658826
371271,4073185,7.857501
373620,2474323,7.429222
374171,4336795,9.397806
377000,459282,9.63748
377020,305514,8.037073
377540,2273648,6.495362
378031,1957553,8.414604
379080,4005634,2.8650863
379151,2528326,4.1083245
381051,3036901,8.31246
382380,1332296,7.838099
382481,3756355,7.2406435
384550,2232796,3.8753817
385211,2287669,5.971799
388170,459282,9.060079
389831,265140,3.423859
393551,2450614,8.041034
395040,620988,0.81649053
396281,5041,8.735731
397530,435903,8.989805
397881,3952804,9.274718
398641,310397,6.173592
398701,1350395,9.115043
399481,167270,1.4267316
405681,2866666,5.0936937
405890,214961,8.590646
406191,220841,8.360465
407011,1703854,9.092495
407031,3739819,10.0
408351,445931,9.88318
409751,309002,9.555485
410740,1923674,9.47834
410831,1436216,8.720351
413790,842801,6.728539
415430,1881560,8.832009
415581,1325234,8.416898
417891,851093,0.83045113
420040,104148,6.4406133
422991,4414693,6.447361
425161,2693031,6.053003
426661,2525028,9.243629
427280,2311691,8.924047
427590,1197306,8.276001
427951,2353702,5.1286497
428290,3465649,8.154867
429401,986423,8.854508
429820,2348687,8.835237
431391,4552681,8.774592
437220,5063497,9.504681
437711,840500,6.368574
439461,4396336,0.014867656
442670,866537,6.8102555
444290,2204362,7.1498647
444900,2467103,8.783738
450700,254054,7.0001426
453320,5095009,9.857823
453471,2131332,10.0
454630,2446042,8.44245
454881,845896,7.8677573
455700,122606,7.478034
459390,2574955,7.4287972
461830,399572,8.160681
466351,499892,10.0
468800,2925391,9.025958
470330,2435952,8.191757
470410,315410,9.461459
476691,2473078,7.8748646
483490,2448177,6.1217904
484001,2854540,3.5785148
485041,2334458,8.06704
488121,4012591,10.0
494140,2444584,8.470368
497541,2372666,10.0
501321,480547,4.256213
501410,4528615,0.70160747
503101,2214811,8.630482
505131,122843,0.0
508310,103530,9.195712
510570,3534970,8.104527
515560,862842,8.020823
528270,1319281,6.801666
529320,389215,9.053457
529411,1720918,8.830396
531121,2145261,7.701302
533860,5165923,9.834142
535410,2351682,9.117106
536591,1340407,6.7665267
537430,2167097,6.4805846
537710,579714,6.378361
541181,2524593,8.491254
541501,2456705,9.816248
541700,4182373,6.9718547
545040,15088,7.814361
547491,1787350,6.9372807
549610,592415,0.0
550471,3730612,7.2642307
554641,2480706,7.584788
556230,892049,9.416682
557470,2467103,9.026256
558041,130794,8.028599
561951,644645,7.432459
564201,2204362,7.8509846
565490,2577789,9.245881
569771,261545,5.7776732
569860,4400638,8.819778
580550,2930800,8.5939045
581711,1858824,8.455408
592411,4000258,6.9630547
592451,1726513,8.0827055
595691,3852478,8.34264
595790,3088066,8.36343
599521,2312450,7.903591
602600,1819862,8.543955
603250,2856193,8.410956
603551,458591,8.314689
606281,822326,8.540194
606841,2476107,6.3483634
607021,1154948,6.7533827
607681,647093,0.0
607921,4873261,9.911266
608230,1679042,9.098074
608610,4352317,0.1351547
609271,361725,8.801598
609660,1796985,6.6402745
609920,4148833,10.0
610391,546185,6.9834533
610891,282223,9.275243
611200,424004,7.094507
613041,2381263,9.827893
613151,3730774,0.65999
613651,304786,8.363963
614611,10890,9.37262
615741,839851,9.832164
616451,4181938,9.751842
617691,3082987,0.0
617860,1625598,9.335998
618120,4187119,10.0
618231,4645801,10.0
619001,496089,4.4465613
620361,677106,7.2928934
621251,1918727,7.0062604
623060,1957073,8.232483
623781,5221645,7.3578267
626500,4020310,0.0
626610,197409,8.364722
626620,2375878,5.5613146
626621,2145228,7.3958507
626901,323354,8.9064245
627391,30117,9.250569
627600,826078,9.131575
631271,1354988,8.298962
634101,1281957,9.7919655
634691,1819862,7.756202
635551,2341451,8.657991
635590,4421068,7.8731456
636831,3895942,9.922499
638641,3262102,9.585553
644271,471978,1.1812967
649060,2254200,5.0307264
650320,1295449,5.267035
653091,2254200,7.670995
657810,2599190,5.3831415
657861,2456197,7.5899773
659091,3836728,6.8583493
661070,33078,8.470352
661631,2287669,8.152138
663191,3956947,6.999113
663611,2261085,7.9150753
664191,5158702,7.037218
667690,395324,8.419038
668651,2216045,8.452246
668821,2600366,7.8159533
669080,2408030,10.0
669250,571911,7.469872
671051,2344040,4.976622
672540,32964,6.0387397
672990,2279426,7.474213
673810,2254200,5.0331407
674130,873287,9.590967
674560,281919,8.985668
675840,5186470,8.476173
677571,2283303,9.1126375
677861,2463719,8.469094
678831,7303735,7.288224
680751,4304347,10.0
684470,2157809,8.246297
688751,2349047,9.318819
689031,2334513,3.0180821
689800,220837,8.557236
689920,2217790,7.49888
690410,1956164,8.741663
691860,2952271,9.354154
693560,272183,9.973199
694711,244328,8.472395
698921,2759493,6.990797
700080,1350395,7.504692
701710,454746,0.24371222
701741,1098150,7.50989
702890,2460999,8.923952
705010,1383813,7.1340027
705970,5332672,10.0
707710,2236358,7.439257
710520,2207103,7.150778
711591,2224056,8.310873
712201,2599288,9.852116
712770,2438238,4.2444463
713561,1123680,8.386581
718180,2409026,6.8155775
719751,2248860,8.834511
719870,7739588,8.323761
721721,1897536,8.856245
724531,839851,8.689012
725381,2909287,9.728824
725831,2575584,0.0
725950,120846,8.318282
727991,2930800,7.924382
729491,1280602,10.0
729670,1721523,7.3089194
730391,2473078,8.721892
730411,5690488,6.39279
730921,2341451,7.9600215
731961,1786160,8.465775
732491,19038,7.5592656
734061,2212447,2.3615372
734701,1819862,7.894428
735140,36960,8.748986
738251,3758968,7.6927814
738521,2141951,8.112303
739601,1330525,10.0
741351,491287,7.1676903
741400,2123069,7.1282086
743321,218103,5.235309
744050,1345763,7.8415537
746141,196603,8.526257
750520,2327753,9.2134495
750561,2338877,9.370338
752741,28642,6.4990654
753661,2988286,7.447938
755140,2423293,5.8517084
755491,1941429,6.7622175
756470,4300483,0.0
756500,6299320,8.511708
756811,2251423,8.3385515
758760,584,9.559979
760361,2431816,10.0
760761,2993428,9.585366
760920,2575023,8.939794
762011,25357,6.121914
765261,2225151,1.5338871
766471,1240867,5.3787575
769220,317,8.288911
769600,1674094,8.650958
769671,2128059,6.0074434
772100,488981,10.0
773891,7102447,2.1133895
774041,504193,6.5319176
774471,1338152,8.353206
774520,1730510,5.3594112
774540,2254714,7.7392507
775160,2348137,5.1771965
775230,1923818,6.6744585
775611,433856,6.739334
776040,9427,3.9999664
777041,4227847,9.782285
777771,2539301,7.6511908
778061,478939,6.230637
778790,6039676,7.982807
778910,5321515,5.651798
779190,424004,7.3905387
780210,2893579,8.307662
780260,1204668,8.958842
781680,2588406,6.796182
782291,4621750,10.0
783170,2595422,8.143443
783450,2449615,6.829916
783741,2470650,8.2234335
783881,1363237,8.008306
784401,1446974,8.718881
784561,2286863,10.0
784610,479829,7.410739
785721,4421068,8.216746
786150,130794,8.221465
786711,441119,6.999766
787190,719748,4.9727597
788021,125912,6.6220555
788380,2113879,9.327429
788930,4782199,9.985488
789131,493936,5.0006227
792940,24606,7.7235527
793261,5142181,4.8527107
794031,2606099,8.119741
795071,2879581,7.2175145
795190,2444108,8.528108
795820,2390160,8.455175
797031,323172,10.0
797460,1281959,7.5753255
797591,4199539,8.202735
800180,9746,8.296136
802750,2234272,8.804722
804960,4860706,9.889421
805021,196603,9.239563
805161,2525634,9.496933
809271,2424823,8.083887
809970,1197767,6.569706
810131,551368,7.640055
810251,4967446,10.0
810290,1240867,8.53183
810760,4741888,9.385721
811770,1933059,8.724048
815221,463181,7.202608
815280,573666,8.20856
815641,2599190,7.9966927
815890,2604421,9.660571
816281,4659631,8.214842
818641,321186,7.8252363
820281,123435,0.057276662
820320,905945,7.5717025
820731,455374,0.02908884
823370,1723866,8.881861
823431,3693229,10.0
823720,2231609,7.601919
823801,2540482,7.4661117
823991,2866666,6.5710664
824281,2482868,8.95198
825111,2191583,8.517809
827040,152915,10.0
830610,1902534,6.9703836
830701,2268254,8.502099
830940,13295,9.818588
833321,2324521,7.9771986
834281,2371625,8.838544
834720,4528615,2.565841
836160,2864224,8.495403
837040,1609097,8.063944
838631,2197478,9.225258
841531,3834205,5.3169417
842821,1122607,7.1561246
843591,5146285,9.618827
843750,2295424,8.816141
843871,3160264,9.350228
844360,690802,7.2929425
845780,112373,8.103832
845880,2580152,5.9244323
846760,520845,8.677719
848261,441905,8.070376
848471,3796639,4.315205
851971,8467358,6.468305
852091,220837,5.4936132
852350,445212,5.5226936
852610,261647,10.0
854741,4582966,8.324408
857010,2485642,7.730353
857030,1239169,8.6931305
857501,2575669,6.676689
857961,532849,7.5512366
859540,2588406,8.071578
860370,3095038,8.499799
862191,306116,9.461917
863141,3693046,6.8297014
864390,2571359,5.232365
867151,114116,7.88533
867781,2525634,7.551333
867791,8467358,6.9822984
868231,877540,7.7262053
868590,386964,8.853809
870440,1227904,8.401385
871370,2254913,6.7697005
872411,2214808,4.117476
872780,3449974,5.950857
874990,2429099,7.093338
875420,466560,10.0
875621,452668,8.32726
876390,5252320,7.9943295
876990,1202394,7.1830783
879540,38618,6.6056466
881831,4421068,6.8175926
882111,1100180,8.925109
883471,4421068,8.061547
887281,1609097,8.334438
887541,449150,8.72519
892170,481608,9.241974
893191,195024,8.385815
893761,465230,6.334787
894241,2448177,4.4598804
895380,307583,7.214503
895461,863676,9.669664
896040,420807,7.5434155
896601,314889,7.5551567
898531,1117456,7.600678
900491,523498,9.75794
900751,168292,9.82566
900950,198804,0.0
901340,877575,7.3147793
901430,4018180,5.25295
901700,4177156,8.029192
902210,309421,7.5031495
905671,402609,7.924925
905741,5630,4.274993
907360,857579,5.931499
907460,305222,7.5399027
911691,3989056,8.371843
913070,3905386,2.2411196
914150,3006487,10.0
914941,886105,7.0794764
915050,465224,7.2571015
915351,314415,9.070799
916900,2372666,7.917767
917090,1056685,9.39039
920580,2550055,6.7514176
924361,2248270,7.181442
924970,447400,8.96263
925151,2301271,5.5060444
927241,801289,9.574681
928371,564064,9.180557
930081,2474458,8.024575
930101,4420918,10.0
933211,2337097,9.05103
933500,2274542,7.929584
933791,4770895,10.0
933820,3913870,7.1437664
934820,2486212,9.589376
935880,2229477,7.585907
937040,572963,9.585255
937450,699036,10.0
938690,305151,7.1031885
940701,2180196,6.4151716
940830,1266051,10.0
943181,2144938,7.459951
943660,2476507,0.0
945941,3773965,1.2952907
946170,4018180,5.4209046
947630,2463604,7.8012395
947861,426367,9.280668
948371,2752472,8.641387
948430,2102504,4.0465183
949170,2160485,8.929821
949950,1361273,6.3979483
951400,1670003,6.483307
954051,2425171,7.916659
957940,1309614,9.180391
961890,449381,6.1941223
962940,2534924,7.314146
963341,2534924,9.338738
963970,1753357,7.4891005
964111,722868,8.705276
965600,234493,7.6193175
967050,2423307,8.467732
967381,310624,8.031207
968211,396779,5.9213414
968581,1928144,9.02383
968730,319756,10.0
968890,2342927,0.11916196
970980,2317712,9.328573
971561,200487,8.011171
972600,2770246,5.9579353
973310,2407015,8.096245
973721,2439484,0.3254105
974951,3182068,5.8651886
977951,31099,9.347057
979461,433404,10.0
981460,380428,9.017909
982680,2133453,7.2409616
983410,3174526,8.742711
983530,282916,9.500767
984360,648708,7.5333934
984381,281919,8.373622
985070,2167310,8.502845
985370,1770494,2.1843293
986460,5168293,5.544191
987321,310397,7.6211677
988391,4233082,9.236298
988921,4149298,9.440112
989920,1336574,9.698493
989980,484495,9.598667
990931,3843706,7.09959
991141,588599,8.512015
992020,2551767,7.1234655
992240,1556180,7.890466
992420,4233130,8.85582
993960,2301271,7.293559
994150,500241,8.084139
995000,2430664,8.630445
995151,3848248,9.613729
995251,2470125,10.0
995361,1703909,8.292369
995651,2348040,8.991712
996391,4000258,7.132234
997340,525338,8.094065
999171,3113920,9.169483
999720,4783621,10.0
1000230,327614,0.0
1000360,662256,4.4894943
1001671,3741781,1.2431824
1005021,620289,10.0
1005571,5917402,9.934634
1005681,1227904,9.136299
1009840,33078,7.1571274
1010030,2374653,3.281035
1011381,324395,1.3017259
1011611,306399,0.06348028
1011810,324966,5.9014387
1012170,3996787,0.80731887
1014301,2390160,8.753083
1014420,2473078,10.0
1015811,1280001,5.9507937
1017531,3113920,8.958766
1018520,2373399,10.0
1019161,451550,9.630473
1023461,2325940,10.0
1024460,3593485,5.1487675
1025461,25357,7.305984
1027180,2753592,7.854337
1027971,862842,8.217054
1028271,1301404,8.136128
1028661,2420390,9.207978
1029071,3442984,6.990912
1030971,2141951,4.710235
1031091,1923818,8.986333
1031171,2341532,6.36754
1031881,563371,2.0726862
1032200,310604,8.6160755
1032691,1118435,10.0
1032841,3001768,7.3738894
1032901,3174526,7.2129383
1033460,2321956,9.192325
1033531,2598359,10.0
1033630,1856623,4.2252574
1034341,1303351,7.9792776
1035510,2353702,3.8228168
1038241,217687,10.0
1039051,2603159,8.71698
1040561,431399,4.927017
1040660,1222953,9.360384
1044831,504193,8.072363
1050920,2463176,8.169091
1054781,2427616,0.90019226
1055350,1462245,9.241799
1057790,3776917,10.0
1057960,372749,8.373236
1058880,1281959,8.649799
1060421,2186796,1.4542637
1061050,3834925,9.7094345
1063211,305851,0.0
1063601,693962,7.3862453
1063760,2251427,6.6303167
1064071,610015,0.8819427
1068081,1724836,7.88356
1070571,1593466,8.208279
1073851,3920092,9.347448
1075671,4755325,8.114881
1076141,1382966,2.7359385
1076530,498997,0.0
1080820,2303346,9.166631
1080981,1379172,8.848262
1081941,2694951,7.4097824
1083040,1098150,7.826171
1085330,2240355,5.872823
1093451,2311691,8.411483
1095490,2288708,8.5170765
1096960,2406619,8.777085
1097510,388401,9.375386
1100610,2214308,7.571662
1104931,2537878,7.1526027
1107300,436461,8.540793
1109290,316533,8.3131075
1113380,672664,8.031234
1115050,2177258,9.851705
1116241,476688,8.175403
1118140,3262102,8.859262
1118401,5000191,5.373697
1118461,2575827,7.5791
1121461,3011713,6.0046563
1125980,219684,7.914593
1128941,2694951,7.861683
1129990,312223,3.1226628
1131460,2548408,5.7843413
1132140,113462,8.347
1134671,450096,5.228376
1135931,2205227,8.456411
1137901,4421068,7.800263
1138710,2192677,7.122367
1139580,572338,6.9176126
1140201,614887,8.106489
1140211,2234008,0.0
1141040,1799746,8.4448805
1144631,272375,9.207398
1146140,3605146,7.8742647
1146281,556509,7.527542
1146961,3723772,7.12882
1147510,191793,6.9767723
1148181,311412,6.062708
1149980,17686,10.0
1150001,1208914,9.482153
1152440,1928144,9.284166
1154321,2459218,6.924844
1155670,178836,7.9255075
1155691,5135062,9.36444
1155730,2220416,6.8834915
1155841,2575859,6.5324683
1155950,1796985,7.1842804
1156160,424233,9.452517
1156470,3901693,8.966577
1157141,1363237,6.8666635
1157810,215689,5.5729923
1158501,2463719,8.54547
1159090,2243421,7.3205657
1159131,2591961,7.2893825
1159930,445334,2.8470578
1160161,689461,7.4775596
1160891,1306528,8.039127
1162481,975284,7.280598
1162851,2221524,6.4111543
1163201,2970109,0.39488888
1163691,220841,6.5558434
1163761,876143,7.534613
1164140,312223,5.0625086
1164521,2287087,6.9261694
1167181,2236294,9.023617
1168320,30117,9.507149
1170300,2591631,2.0000832
1170410,2195097,5.0455675
1170750,1766131,6.9936237
1171040,1593466,7.9323406
1173301,2592020,8.329293
1173360,327556,9.538205
1174330,3758968,9.662605
1178630,718924,9.888308
1179251,2226617,6.533551
1179571,1813651,7.3111453
1179601,3956962,6.7680287
1180470,2200455,6.562983
1180530,8467358,6.309268
1182391,2452376,10.0
1182601,625273,7.923806
1183070,556903,8.757866
1184411,3776947,7.668967
1185510,2248720,6.9961014
1185671,2587281,8.881289
1186400,2460379,7.3561697
1187571,4199350,2.5314283
1187620,6555745,8.95367
1187630,2390855,9.629224
1190440,29649,6.3126245
1190761,33981,7.856564
1190890,5992732,8.510289
1192120,2348137,10.0
1194920,748998,8.331525
1195590,466560,7.274449
1196551,2575859,3.619737
1196710,625277,5.766249
1196951,3713641,8.597293
1198441,2574955,7.871336
1200741,2575455,10.0
1201800,281659,0.55555993
1202631,387779,7.049129
1207111,2209477,8.823566
1207310,1957553,9.02892
1209840,1730176,8.751529
1210461,2149094,9.106506
1212391,2335521,9.70456
1213321,1785776,8.097879
1213490,1759372,10.0
1214591,3912373,1.7753464
1214811,4210483,6.0062346
1215181,3796639,4.2350836
1216370,983043,8.056633
1217090,1224463,6.756621
1218610,5081857,9.435074
1222301,1098150,7.503499
1223530,2259490,9.219526
1223981,473924,7.92557
1225881,2608564,5.786938
1227581,840500,7.2148776
1230391,2214305,8.965621
1233631,235965,6.5239296
1235511,665181,8.296811
1239211,1000901,8.39391
1240041,1298393,5.2064795
1241760,4560877,9.736813
1244101,2195786,5.202323
1245721,4734631,8.613933
1247220,327248,9.361423
1248770,2461005,0.0
1250291,1960625,8.455334
1251181,531276,7.857199
1251800,3011713,8.499279
1252051,2106821,8.361755
1252360,2476128,2.010561
1252671,543992,0.6027899
1252751,1947821,5.2834024
1254890,2295644,6.2185855
1257011,1138929,8.110377
1260621,1251577,1.5924506
1261590,313514,6.3909726
1262381,506211,9.917505
1263631,2577789,10.0
1264360,1296115,9.151557
1264561,4618810,10.0
1264600,4300666,10.0
1265410,2531639,9.521561
1265770,3109825,10.0
1268011,128769,6.732766
1271450,891921,8.531264
1273211,2595339,2.0231864
1273760,2146606,6.8998704
1274750,2527562,5.9245825
1274810,492070,0.899141
1275850,2251423,7.261044
1275871,198007,8.40063
1276181,5273482,0.008132883
1276770,2101235,6.248665
1280891,4096822,8.999082
1283621,2351675,6.5575542
1285531,2260524,8.194086
1288051,326664,8.417184
1290401,221656,10.0
1291861,4292860,0.1914622
1292020,2980093,7.645925
1292811,232739,7.575721
1293251,484472,9.28202
1294111,445922,9.203425
1295941,2209477,6.2348466
1297850,215815,8.271146
1299441,188566,9.408441
1299500,102678,7.503352
1299730,2425766,8.842477
1300040,877888,9.403871
1300051,1739614,7.3970313
1300360,1817498,0.26472533
1302971,854313,9.845527
1303291,858245,7.7478685
1305741,1119822,0.4782986
1307320,6346183,9.43875
1307891,312069,0.31962454
1309291,2571359,4.2460175
1309461,1454145,0.0
1309671,20,7.841917
1309711,4210483,7.467795
1310160,2251382,7.919944
1310910,492609,9.539038
1312831,971053,7.9192357
1313000,4419994,9.242358
1313520,2534924,8.769207
1314121,2057758,6.636519
1315860,4032,8.305711
1317021,2551767,7.815619
1317200,448008,7.780483
1317621,327451,5.1678085
1322540,1889060,6.3626976
1323321,18628,8.279085
1325220,4712302,9.881235
1325591,1808250,9.501626
1325780,2856193,9.514729
1326331,4583689,10.0
1330390,219553,6.8915257
1331120,625734,8.442922
1331750,619398,10.0
1332500,2886694,8.091039
1332771,219168,3.682228
1333630,5061274,9.087016
1336590,687266,10.0
1337641,1679042,9.362925
1337990,3959158,8.606718
1338141,885900,9.636203
1339420,2133453,7.8324795
1341161,2444717,10.0
1343881,1214445,7.37062
1344480,5014516,10.0
1347441,3756355,8.036502
1347671,2327549,8.494832
1348250,1035814,6.7416754
1348580,464417,9.3298645
1349220,6841975,7.1133175
1349531,6259327,10.0
1352990,5077927,9.469791
1353860,3026,7.3449545
1358751,2369247,7.191712
1360981,420807,7.519157
1362241,498948,8.882052
1362450,486698,5.927137
1364071,3713917,1.038371
1364570,1351759,10.0
1364741,2482461,7.4451437
1367271,186343,5.807017
1367631,4197580,9.057662
1369131,196603,6.450051
1369150,986032,9.777236
1369451,2236451,7.7367344
1369500,4421071,7.8992743
1371571,450195,9.686666
1373260,2542794,6.5508327
1375761,2452390,6.3538384
1376501,5076685,10.0
1376970,1649658,0.61410886
1378351,2573241,9.316021
1379311,1198693,7.3773947
1379331,681470,7.4413195
1379820,106874,7.8821816
1381710,2290118,6.587613
1382350,2587700,6.912196
1382470,508630,8.240974
1382510,32520,5.876278
1382630,4563736,9.851418
1383090,433704,2.7357552
1383681,317,8.501849
1385271,2936857,8.43378
1385881,848253,9.541393
1389220,264319,9.787244
1390490,2404810,7.836071
1390571,2236358,9.754098
1390860,2437237,6.713004
1392700,4801726,8.04088
1392801,2351675,8.011681
1394150,2309327,6.757206
1394761,2546313,7.816247
1394890,2104285,10.0
1395251,4255930,9.071965
1396491,2334937,8.188321
1398060,2311845,7.245881
1398300,2214811,8.266953
1400371,2364500,9.206474
1401100,786350,8.887861
1401121,145975,7.979121
1401661,2157823,9.433426
1401711,478660,9.293206
1403360,2216349,4.1178465
1403880,1121649,7.3450274
1404231,2391259,6.182732
1404340,454352,7.396665
1404440,2467065,1.9399749
1405141,224489,4.899758
1405220,2209477,8.848302
1405421,4760008,8.641775
1405431,2460999,10.0
1405610,476845,6.1433635
1405790,5123986,9.377323
1407560,2186305,8.788094
1409571,2371625,7.2310715
1409921,321157,8.337697
1410061,2598546,8.310595
1413000,380428,9.395144
1413740,2303477,8.123079
1414981,3954634,9.285484
1415981,463181,8.91951
1416990,4678459,10.0
1417211,2354461,6.8844495
1417341,2539322,8.553216
1417360,2311921,1.2054663
1417651,309706,7.515576
1417921,1016104,10.0
1418051,2433623,8.219327
1418730,431507,7.339834
1421051,1135392,9.973855
1421340,2855884,7.7697616
1422000,3534874,6.8988533
1423311,2587281,8.206599
1424420,2695924,5.3404164
1424641,2309527,7.9573298
1424670,1296115,7.764998
1426600,299314,6.192263
1427121,4301413,1.6321765
1429970,1285422,10.0
1430660,2261392,9.580836
1431260,3790435,5.8863688
1431341,1609097,7.6487265
1431371,2388500,7.6205964
1432000,4183999,7.775313
1433200,2213967,5.3879232
1433441,2543486,10.0
1433460,483655,6.7985806
1433790,1249436,7.691603
1434091,3774040,6.50101
1436830,2053462,7.864611
1437721,317097,8.006592
1437811,2540493,8.024749
1437820,3061525,0.51750886
1437880,4637704,9.130105
1439711,439932,9.280555
1440250,1796985,10.0
1440310,3262102,7.942609
1441160,1717037,0.7687942
1441230,2390160,8.534254
1441661,696139,9.758759
1441730,2604995,7.4514394
1443380,2551240,8.54478
1445290,2092314,0.77548814
1446781,1362837,6.8583665
1447151,1318253,6.7239666
1448061,1296116,7.875527
1448111,545762,0.45710844
1448391,1679042,6.9085484
1448400,3881791,7.2182527
1448410,2029701,8.810517
1449110,3847987,0.0
1449130,1731131,5.659561
1449261,2573197,8.516152
1453551,1376069,5.969524
1454440,1240867,7.8075914
1455220,4614520,9.586982
1457031,931342,7.5843315
1457210,632089,9.492684
1457671,2356546,2.7173173
1462020,2092282,6.023149
1464240,840500,9.893767
1464490,444586,8.481835
1464711,286907,9.683668
1466361,496089,6.428171
1467300,2291653,8.77666
1467360,166897,6.942692
1468191,1360858,9.284358
1468701,4580896,9.911641
1468930,437626,7.471558
1469540,503972,8.344224
1470600,1332296,9.559669
1470720,2333000,9.678618
1470991,2466110,9.436194
1471970,1918727,8.648082
1471981,2368558,6.8620205
1472060,4273081,9.420146
1472460,2145027,8.720724
1474061,313148,8.941518
1474801,1093633,9.298262
1474981,2518267,7.038469
1475901,2372666,8.814468
1476930,454352,6.7907577
1477180,529,10.0
1477211,2231328,8.757489
1479041,438402,9.271753
1479251,100691,1.18583
1479380,2249514,7.528497
1480231,5264873,10.0
1482680,1079,7.184179
1482690,36960,10.0
1484461,4664971,7.2029495
1484781,554183,8.1937
1484841,2215245,4.784281
1485391,305936,7.045739
1486071,1382181,8.512419
1488320,119518,7.743364
1488600,2553404,7.465582
1489361,3893602,10.0
1489670,6609733,7.7092385
1489861,1360858,7.6253233
1489981,971769,8.596034
1490940,33078,7.784425
1491431,235066,3.12432
1491711,632207,6.7637796
1492231,2180196,9.026658
1492650,428685,8.173928
1493080,1169490,7.6006994
1493190,5233591,8.72203
1493771,2324419,6.4364934
1494260,482423,6.4529185
1494950,2368666,9.391994
1495350,2274542,8.2822485
1495721,2579670,9.428416
1496471,2372666,7.4919305
1496881,554261,7.624475
1497101,248926,8.076767
1497630,2299015,6.43505
1497671,2878405,5.1712813
1498010,431508,7.8285413
1498091,2357393,6.3182654
1499391,397752,9.217288
1500380,25357,6.8981795
1500581,2219783,8.500982
1501960,573120,8.994554
1503951,822326,8.935621
1505120,5267215,9.814371
1505980,2438727,8.721271
1506831,251144,8.999306
1507420,811226,4.7875957
1507520,2290898,8.555505
1507720,2429844,10.0
1507721,2897932,5.676549
1507741,2548176,9.834797
1508830,1345195,9.477988
1509240,2524799,9.678164
1509741,4310110,0.16881882
1513781,4563736,10.0
1515090,1035814,7.3614182
1515541,2291664,5.281526
1515630,519201,0.8613442
1515711,853529,0.6736387
1517321,2285402,8.756643
1517420,504193,8.02244
1517681,1118435,7.748861
1518311,460986,10.0
1519820,2878915,9.576368
1520570,2524593,9.105737
1520791,2462632,7.9728804
1521081,4783177,9.779389
1521251,2470824,9.36019
1522420,1814735,10.0
1525411,1802662,7.2955585
1527060,4421068,9.264464
1527730,4851751,10.0
1528030,3465547,8.0400305
1530070,8369,7.70493
1531440,1930121,8.000109
1533610,5012920,10.0
1535390,2349719,8.085572
1536321,4096096,9.793213
1536520,2537878,9.082883
1537471,2370751,9.152768
1538311,316274,8.475819
1538650,3917047,9.575083
1539150,2254913,6.0376883
1539881,2225251,7.8546357
1540201,451874,9.702882
1541801,455217,7.0506845
1542771,4771741,10.0
1543281,2576915,7.9699917
1548481,1208914,8.704431
1549340,4393012,9.211231
1550591,1354963,8.533624
1552271,2333366,7.443981
1553480,4629616,9.899978
1554990,30117,9.426442
1557120,2524799,8.545723
1557921,1804972,8.207992
1560980,2311691,8.872783
1563050,1796985,9.624454
1563751,660725,7.5543694
1563931,2595425,1.1607615
1564120,2649388,8.20758
1564181,2353024,0.0
1566240,389215,9.436435
1566550,443466,9.266897
1567150,2229477,9.909465
1568240,4575052,8.647289
1571630,4298218,10.0
1572411,486700,8.950273
1584951,1957882,8.315492
1587291,2359505,8.658398
1588500,308364,9.288079
1588890,2375018,7.0981665
1589550,445922,6.214474
1594840,2365720,7.3992043
1594941,4173142,8.35329
1595450,1726761,8.004045
1595790,2854876,9.4057045
1595990,170727,8.564952
1596501,443493,9.229243
1596710,822326,9.415827
1598070,4421068,7.447612
1598890,2102504,9.2344
1600751,6892,7.986602
1601470,661824,7.2889566
1601810,318745,7.755976
1602451,1918727,5.5799212
1604570,541088,9.498873
1604710,3116707,9.934114
1605811,2610042,8.777531
1605910,2926774,8.73297
1607631,521290,8.384376
1608721,1097751,8.884238
1610351,4812754,8.152352
1610701,6053000,9.391155
1612551,692537,7.1272883
1613280,2146606,5.2227426
1614061,431628,0.0
1619631,887229,7.0943227
1619800,2424257,7.3138394
1620260,557670,10.0
1620801,2189592,5.273188
1622980,3419017,0.33211887
1623800,2587281,8.755535
1623830,2288570,6.455891
1625550,1122175,6.8793535
1625810,4943719,9.549942
1625900,2215214,6.281021
1626450,28302,8.738225
1630370,4005907,10.0
1630920,215689,6.207459
1632391,3307186,7.7761216
1632980,3959167,8.289119
1633870,4411279,8.732747
1633891,1382207,7.567895
1635270,2453142,9.444992
1637121,1083882,6.6062913
1637480,3956962,7.707581
1637661,2199464,9.153058
1638111,617505,6.30263
1638360,3706999,3.7673895
1639100,2666484,7.344415
1639691,2730494,9.491146
1640210,2599190,7.1511717
1640501,2537878,9.255446
1642210,668088,6.9598722
1643330,2575023,6.817924
1643890,168799,8.225444
1645400,16205,8.07722
1646200,558522,9.155502
1648770,4393285,1.5077481
1651460,1229470,8.978769
1651810,473707,7.900083
1652441,2317643,6.135092
1653110,2548806,8.773097
1658041,410990,9.126131
1663530,478706,4.5328803
1666840,2603872,9.617748
1666921,842833,6.6302166
1668090,2289515,8.159466
1668121,891910,8.077543
1668440,2470824,9.724607
1669720,4676179,8.613351
1671030,1947821,6.553512
1671091,387779,7.302794
1671280,982766,7.9556136
1672401,8467358,7.366232
1672711,4137295,0.84629196
1672721,462830,7.8090296
1676060,4177156,7.2293663
1676301,24722,8.856889
1677560,303969,6.6775904
1679250,4370617,9.534265
1679311,2366597,10.0
1679760,4606522,10.0
1679811,104220,7.8236294
1680741,2599190,9.300338
1681540,2599840,9.9644985
1682320,468389,7.4698353
1683161,3778957,7.2908216
1683331,2381753,8.375592
1683601,2207401,8.80771
1683901,531784,7.8371115
1683980,478202,3.3849144
1685081,238458,7.1307573
1685460,30117,6.6566405
1688860,1306020,8.238077
1691231,2407015,8.408615
1692390,492982,7.54804
1692400,5321542,7.28896
1694281,476483,8.287353
1695150,660725,6.2283688
1696470,2141951,7.7473254
1697150,2062582,8.202626
1697421,2477640,8.194146
1699991,251193,7.9761944
1700130,4632535,10.0
1702230,4819381,10.0
1702260,2592379,7.938829
1702730,619503,9.586269
1703280,2297476,8.717726
1703590,4621582,9.284128
1704110,4421068,8.217351
1704291,1035814,8.0630245
1704610,4673368,4.9197674
1705741,1285658,0.0
1708930,480807,10.0
1709670,463181,8.569562
1711960,463181,8.90048
1712810,566074,8.985965
1714200,5052328,7.6268086
1720721,4127047,9.029161
1724731,554261,7.868052
1727871,3720946,6.995471
1728351,2186189,7.6981964
1729081,4583518,10.0
1729311,2550423,9.074359
1730220,2459173,8.5852375
1730730,2371625,7.5550575
1731890,572338,5.784187
1733851,2530551,8.427042
1735911,5061001,9.039503
1737920,436798,7.3675795
1738921,100089,5.812502
1739161,4173142,9.597132
1739701,2406341,6.584087
1740860,437626,5.7938113
1742070,4268824,9.929556
1742101,3113920,6.6131454
1742301,852019,8.541194
1742610,4391701,8.983363
1743980,1316976,2.0523448
1744270,460770,5.6896243
1744680,2371625,7.505061
1745061,6104125,9.478967
1745691,3955375,0.0
1764401,715,7.198498
1766010,2430664,7.8201685
1766441,1764306,6.214917
1773021,2079249,6.258157
1773630,2604418,9.90303
1775240,522421,7.339838
1780840,2538391,8.500827
1781760,119467,9.019451
1783220,4697119,10.0
1785281,3219967,7.8329287
1786240,4300480,6.198559
1787310,2454799,10.0
1787851,3264577,10.0
1788031,2939986,8.349763
1790071,2078097,5.9026318
1794801,2608413,4.0941925
1799501,5146501,10.0
1800680,3876811,10.0
1803311,3534874,9.578774
1807100,3269230,8.84407
1807541,443298,6.8699374
1808291,10890,7.386462
1808750,1905091,9.342975
1809041,1779866,8.639503
1813590,722880,8.971874
1813990,538999,8.602778
1822541,2993401,8.407574
1828061,2217721,7.85508
1828381,2062812,8.49923
1831800,2146186,7.5164394
1832740,2436166,6.71857
1832800,2424823,7.6182337
1832881,2388495,4.576823
1833511,5043550,10.0
1833561,459327,10.0
1833950,4634107,9.91217
1834820,2212806,10.0
1834950,2878855,7.9841614
1835040,2577789,8.241656
1835081,4300462,10.0
1835280,2855431,9.638856
1835500,2808394,8.305022
1836360,2146186,8.440472
1837101,1918727,7.9256926
1837370,5108425,9.023387
1837871,2170994,4.849134
1839580,1892427,6.693325
1839640,3469789,9.860083
1840301,3113920,10.0
1840661,4902,8.283508
1841631,428685,6.2628355
1842161,540323,10.0
1842261,2242013,6.8938575
1842701,822326,8.840043
1844140,971769,8.990606
1844550,2055085,0.8661126
1844981,440003,7.7043233
1845130,190723,3.5750744
2297510,5685325,0.1627825
2297670,313569,5.829942
2312641,562913,10.0
2316121,2277143,7.6398883
2316560,2259490,9.504532
2319700,1281171,7.783532
2321951,2356900,7.347985
2323781,188566,8.96338
2329461,822326,8.458278
2331600,1732057,8.42725
2342490,984430,5.47002
2344781,3767812,9.399032
2344981,4257349,10.0
2351301,2449000,10.0
2353921,8336450,10.0
2354790,4640554,6.8653045
2358260,1794170,7.848017
2359080,4802188,10.0
2361710,2573241,7.877726
2363550,2238862,8.022978
2367140,4686937,9.307702
2367290,5454583,7.9330916
2369101,4191457,1.3987548
2373091,2145440,8.4807
2377721,2429933,9.576852
2381160,1281273,6.4070997
2384781,190497,6.790749
2385901,102657,9.7968025
2389981,2607560,7.310686
2395180,4558900,8.3340845
2396120,2244797,7.7616405
2396981,549865,8.8943
2401601,223969,5.904525
2402000,2599190,8.387665
2403241,3770299,6.505365
2407900,3837547,8.028177
2410610,445171,8.178441
2412711,709925,8.159597
2423930,253884,6.9780045
2429331,2339675,8.241265
2430830,434711,9.451064
2434491,2550124,8.262871
2441870,10480,9.414207
2443970,4025416,10.0
2444810,1785306,1.3269975
2449291,1931718,9.551953
2453980,15426,9.247356
2457480,4829983,9.50591
2458231,2588406,8.69655
2462170,2300795,5.062499
2467790,5841793,8.296046
2468960,2563979,9.183531
2471630,5223811,10.0
2475591,2897803,7.950547
2480520,2989900,8.240473
2487621,4370920,2.113182
2494870,215689,7.7076283
2506331,716862,8.983014
2507521,2165412,7.985342
2510851,4851130,10.0
2510891,2374653,8.641528
2511360,1377706,7.6252227
2515891,2614362,6.861127
2515990,2016030,6.857799
2520320,100416,8.185308
2523450,4558900,9.997489
2524790,247954,8.136502
2531971,2241332,5.978736
2538780,4673368,7.8861628
2541290,2759493,9.236504
2544510,3458797,7.7034774
2547981,2521532,8.114314
2549151,4421068,8.336817
2550671,186343,7.7390537
2551380,4383058,10.0
2563381,2145341,8.258688
2564160,2452390,8.66266
2565181,4283155,7.228153
2567091,438876,8.046243
2569491,1202451,7.844617
2570321,4399399,9.232536
2574130,2248280,9.022486
2575901,873122,9.523238
2579460,541289,8.458042
2584661,320609,7.2903495
2584960,2542169,7.844572
2586671,2572468,8.379702
2591021,5428,6.9397
2595031,2341532,8.056956
2595980,5032867,8.412119
2599570,2993401,8.326437
2600451,535707,7.417087
2600511,2186305,7.343861
2601571,4119634,7.4573536
2601810,2229477,8.113071
2604521,4044049,1.085916
2604561,3762160,0.3249021
2604840,744620,9.830888
2606090,140,9.765196
2606281,2443673,7.2424755
2614430,4393492,9.5001335
2615591,4886755,9.283712
2619701,19286,8.1990595
2621730,2062812,6.7733674
2623380,461591,7.6741776
2624271,314889,6.251536
2625031,2524340,6.3597174
2626851,2186305,7.5396614
2627411,2574481,7.744651
2629600,2209477,8.673457
2630250,2601102,6.096082
2633071,31722,7.3995056
2635140,2525992,10.0
2638440,2591539,7.6712794
2642530,2601614,9.083481
2644040,2361922,9.548014
2646251,2351675,7.909526
2648940,1826135,1.3117205
2652260,2286863,9.267154
2653311,4380253,6.4679284
2658181,1680892,6.3036795
2668291,1117445,9.3320265
2668341,536695,6.981813
2669460,387779,6.2555966
2673700,2195039,9.810725
2674310,166554,5.1123753
2675741,2287767,8.391598
2677230,617505,8.828613
2678960,438835,8.940904
2680601,2993452,7.3241262
2681021,2476631,7.7228727
2681120,494233,7.562602
2684751,1256088,0.60483414
2690160,4127287,4.043313
2690220,1377726,7.820191
2690391,2204362,9.3270035
2691220,1747983,6.176001
2692230,24638,0.0
2694141,652226,5.632375
2697681,118811,8.082515
2697950,2540482,4.320519
2714980,1670299,7.509531
2789110,1751998,2.4675694
2793641,464939,8.629868
2795161,4368337,8.583738
2811810,2473078,5.575451
2834851,1720918,9.99184
2838640,2912107,9.034276
2842290,2537878,6.661105
2843490,2372196,7.483106
2847501,1751449,5.650154
2847821,3068173,0.0
2851711,2369247,6.566856
2855940,4400638,9.552272
2856921,1486410,8.208594
2857910,442320,8.306167
2858141,554183,9.931519
2858581,440702,7.6214757
2860560,2592594,9.3398485
2862051,449072,8.646778
2863631,2523793,6.841523
2865491,173943,8.247419
2870001,221096,6.117854
2874981,6294862,4.35811
2876021,2042862,6.922361
2877191,2550124,7.3893857
2879401,1298393,7.850172
2880350,3708715,8.534976
2885230,3759658,8.606669
2885370,2427627,9.184427
2886341,588599,8.551475
2886600,303969,6.4888935
2886861,2485599,8.407029
2886920,317337,6.277076
2887400,140792,0.28143156
2888221,2195789,4.680409
2889260,5022865,8.408324
2889711,5075125,8.979349
2891660,98184,5.5878277
2892070,870679,1.3687916
2894640,760478,6.0029554
2895381,2249460,8.170093
2896020,632196,5.9343657
2896880,3083248,6.1547513
2898031,2323741,7.671378
2898051,5220724,9.303355
2898350,5165926,9.075917
2898741,717567,9.296777
2902031,1753284,8.663446
2902341,32118,8.669517
2911881,7804328,8.878918
2912011,1462299,7.9020042
2916770,477223,10.0
2920220,4018390,7.0901923
2920980,1305985,9.316129
2928050,1292132,9.592846
2929340,2347597,10.0
2932540,1814735,8.930521
2934380,7804328,7.7754374
2934861,2200379,9.175567
2937461,114997,10.0
2937651,125503,1.3646659
2942531,1295449,5.966618
2943480,4771996,8.820181
2946350,120035,7.152803
2960980,1609097,8.642073
2970390,519170,8.811597
2970521,2324419,9.167362
2972471,1885338,8.377518
2978360,196603,9.228597
2979761,1766548,4.649661
2983020,2537878,7.7915807
2984801,1469624,9.051346
2987551,686465,7.814969
2992161,1377726,8.919815
2998500,1977083,3.0871522
2998771,546793,9.267571
2999960,466560,8.230828
3002350,1322761,6.789212
3004381,316274,7.7801294
3005761,986361,9.780183
3007260,5428,8.527622
3007710,3419017,0.066708125
3009511,4308124,10.0
3009560,4697119,9.302782
3012961,3792088,0.8495388
3013001,3229138,8.912192
3020290,2713522,9.848384
3030851,1681174,8.3422785
3039770,4552675,8.268415
3040371,2713522,8.914941
3040470,477223,8.39836
3050831,2142446,6.4335155
3054960,2713522,8.152549
3056611,3992401,10.0
3056640,1952676,8.137432
3056671,2428706,7.308156
3059290,4902,8.889619
3062221,2448386,7.4313436
3065120,420807,7.2146277
3066130,15088,7.19119
3068801,399003,8.360939
3069060,2349042,7.730168
3069070,4611985,9.378421
3071380,2449615,8.031741
3072950,485757,8.730446
3073921,2197478,7.6021757
3074761,4044034,6.47775
3079010,4562749,9.364064
3080131,528,7.607372
3084300,200121,6.612477
3087570,3989002,0.0
3088130,281792,3.7300105
3088850,2465183,9.193721
3089611,1960625,8.778302
3094251,317,9.249425
3097081,117529,7.982293
3102090,2483034,8.406691
3102581,2599190,10.0
3105531,2891776,9.862178
3106311,6155170,5.1427484
3106721,1808250,9.389176
3106771,5121154,8.736229
3107130,4539343,8.646895
3107191,1346268,4.0502853
3108051,488913,6.5121336
3108360,3156268,9.024427
3109541,2159539,8.527988
3109641,2215257,6.831504
3110281,2456216,9.5852
3112481,2601867,5.776046
3114761,223088,7.6132474
3115880,553720,10.0
3117380,2454485,7.393976
3120681,2693031,4.198295
3120931,1298384,10.0
3122121,3843706,8.6921015
3123121,2855341,5.4721694
3124160,319070,6.5179353
3125790,2287669,8.384854
3126381,399718,9.308136
3127870,2054930,9.294547
3129491,4596430,10.0
3130351,1462299,9.088278
3133360,4782202,9.807982
3133391,5135188,7.939837
3134291,2351675,8.438759
3134540,4195246,0.9613469
3136640,2286847,7.886036
3136710,2102504,8.498561
3136930,1799788,6.291005
3141020,2523793,7.0138555
3142450,4021843,1.0425853
3143540,2573197,8.512713
3144260,4400638,10.0
3147540,128769,7.2922015
3150610,452832,7.5680757
3151090,3736399,1.4356426
3151860,2378721,9.240315
3152820,2893579,8.382464
3154960,716862,7.7985477
3161031,25296,9.395252
3166190,3733756,8.723575
3167081,361725,8.654287
3168920,173212,8.312402
3170211,2168146,8.917375
3175530,5168293,10.0
3175571,1350395,8.757875
3175590,4811746,9.42319
3176121,1336574,8.944483
3176440,2287749,5.7458034
3178171,2854555,9.182129
3180100,485757,7.9947324
3180111,166211,6.244943
3180500,1910003,6.7668657
3180740,3004900,2.019381
3181140,4682398,7.9594836
3183381,987736,9.250787
3187131,4611985,9.798716
3187900,2525028,8.351065
3187971,1680892,7.2180157
3193391,2474870,9.095987
3193751,4300483,1.3785436
3194111,685915,9.069338
3194741,3184168,0.97028476
3195511,1319281,7.851645
3196210,3308938,6.7961144
3200451,2592020,7.4677744
3200491,2390160,8.991108
3201751,8369,8.4242
3201830,305091,8.6048565
3202070,3714493,1.3501059
3202141,2339679,8.079891
3302401,2292918,9.755505
3303550,131985,9.597348
3305791,1593456,7.1907916
3307180,1239169,9.187877
3315490,2295424,8.465504
3317131,2918173,7.3545647
3321391,700514,8.314177
3324010,2145220,7.6340895
3329881,3903655,7.7546473
3330490,1446974,9.596746
3339631,23204,5.9617004
3347371,1113599,5.0521636
3360301,2254200,7.1069584
3360331,4421068,8.426341
3361771,385786,7.704213
3363661,1228057,7.3175116
3368881,3758968,8.21814
3374041,3769642,0.0
3374761,458895,9.96722
3380500,2443673,7.8644133
3382231,4421068,9.807405
3382411,104148,9.446582
3384010,2454485,7.738575
3388381,1379194,8.069543
3389641,2609202,10.0
3394201,2591988,8.216149
3408820,4638511,6.726645
3419380,1852256,10.0
3421561,2141974,8.356163
3422620,1227979,7.6735716
3423121,305876,6.701629
3425281,5094865,10.0
3440851,2390160,8.393939
3443980,2226662,5.3821054
3450910,3989056,6.045817
3454441,1096031,5.5956917
3458350,452668,7.511367
3460951,5056381,9.7971525
3472930,2350989,8.015943
3474271,2548806,8.263553
3503800,2473996,6.162081
3507820,272375,8.072402
3508750,2854876,9.816778
3509101,2347552,8.091101
3509191,308038,7.491516
3514531,2912968,0.6362019
3518650,840112,5.432483
3527350,255922,8.302709
3528481,18628,8.601717
3529810,5077927,9.998062
3540370,166031,10.0
3540460,1876718,8.922494
3555241,4107142,0.6198423
3560581,3852310,9.141127
3562450,1370381,10.0
3568450,2587700,7.67523
3570991,4784812,9.701376
3571381,4421068,9.94145
3571441,4576630,9.165796
3571870,680470,10.0
3577540,448765,7.033848
3581920,2334514,8.063248
3582961,321323,9.310021
3583561,4407451,7.7931585
3590641,215689,10.0
3601231,270680,7.419224
3607411,325507,5.8526435
3615370,1230448,7.631897
3616300,2350673,1.8284779
3618121,3156262,10.0
3634300,532060,8.767237
3635401,2444108,7.25444
3636640,998313,7.280188
3640591,4398304,5.0951705
3642760,1121649,8.22925
3644830,180632,6.4073772
3646711,1802692,10.0
3650971,2273687,8.3163595
3660130,531550,6.0741343
3660160,505886,2.5375097
3661201,212216,9.071861
3666310,24722,7.9364705
3672490,2808394,8.001166
3676060,2477602,7.320014
3677500,488913,7.6135206
3677851,1609097,8.467801
3677860,4640554,7.657152
3678850,4197451,9.073409
3682591,2291653,8.686651
3682900,316274,9.752939
3699481,1050740,7.757862
3702211,2575023,10.0
3704311,584,9.437798
3704491,2240792,9.121434
3710791,1960625,7.290872
3729001,4369537,10.0
3745471,2236323,8.518479
3753571,126927,9.55689
3757831,1902534,7.7641454
3761881,3465649,7.2667203
3764461,433856,7.96947
3766540,2357136,10.0
3771571,4169962,8.76847
3772261,3061525,0.70602417
3773071,431152,7.520522
3784681,2578149,10.0
3787261,3872134,9.496163
3789271,2051720,7.421871
3794401,5041,8.190364
3796321,2053444,6.0397563
3800350,305413,6.4505286
3803971,554261,9.171478
3806041,1549182,7.690124
3812911,4908796,9.675753
3816721,459282,8.981268
3819751,2354756,8.65662
3825751,5020540,9.397084
3825811,2683142,8.374124
3833041,477537,0.0
3833191,550580,7.95479
3834760,5143300,9.66547
3838891,1796985,7.741245
3839701,4560514,10.0
3842350,2236358,8.983447
3842590,2348471,8.168502
3843271,1100906,8.081799
3846790,1856383,7.278101
3847120,2358,1.5653965
3847921,2429152,7.7955174
3848881,459282,8.637898
3849220,446229,8.709176
3850411,2539202,9.908244
3852280,462365,8.207239
3855481,443649,7.5256667
3858091,2601614,10.0
3858190,2589482,10.0
3862111,168914,8.797433
3866131,475407,9.2000065
3869050,2209477,8.863745
3871861,3756355,9.927961
3875881,563127,6.908863
3878470,4768465,8.926556
3879061,451748,8.336758
3880300,458214,6.9622135
3880630,199268,6.8520217
3883780,86,7.1028833
3883930,449274,9.20151
3884911,400387,6.565019
3886780,2254567,5.459237
3891481,2371215,7.6869016
3893251,1609097,8.349066
3898711,2284142,8.209727
3900661,2599190,9.742834
3902680,2407015,6.326054
3907441,463181,8.26529
3911290,2474458,9.104973
3912061,3693250,7.7710767
3915451,410990,7.271623
3919510,2477640,9.525767
3920170,1834888,9.968995
3920311,2694951,10.0
3922141,3116707,9.263176
3922270,420807,7.214103
3927331,850609,9.953259
3934270,1653700,7.5221815
3936241,2088040,8.039364
3940390,2101235,8.346747
3942100,2871811,7.6591206
3943480,308364,10.0
3944350,296492,7.12368
3955471,233184,7.842881
3962890,507057,7.645857
3983350,459282,7.665377
3984490,12430,8.553311
3987910,99345,5.1946564
3991510,2454485,7.8838763
3996820,2614362,8.433
4000480,465007,6.0548754
4006501,4435171,9.510846
4012831,1947821,6.9789705
4013341,320664,8.894089
4014661,2334769,8.044203
4024150,460012,4.793998
4035181,6078246,6.4325986
4050091,1941429,7.5265384
4050691,2301028,8.112939
4055560,1130783,9.232354
4056700,432773,9.349413
4078030,2599190,9.658692
4078381,1928144,7.6265926
4084780,556903,7.823144
4105051,454134,8.801518
4115101,218833,8.301827
4127050,536900,6.8188844
4140601,2473276,9.621994
4140871,103821,8.0483265
4141480,320664,8.792055
4142281,470346,8.256839
4161121,450195,9.444818
4162051,4393630,9.807923
4163611,2854876,9.011492
4166071,4320190,7.181124
4209511,2759493,9.163491
4215130,4421068,8.252952
4216051,2450736,7.337706
4219570,3307186,6.4284205
4221481,2485114,7.7237687
4229380,4629616,10.0
4233691,4018180,6.319189
4236970,962437,6.8839097
4245430,2573193,9.395491
4246810,2259919,6.4495893
4253380,253112,8.579155
4254211,2309718,6.3428097
4268191,2563979,7.4596515
4268551,2573241,9.132636
4268770,4149298,8.494739
4271761,1510600,10.0
4278331,165448,5.512951
4278391,447400,9.785911
4280311,709360,8.557613
4284241,2470824,10.0
4288090,2298263,9.95259
4289221,212216,9.206779
4292731,2368368,9.725742
4299910,2817520,10.0
4301551,3248611,8.71731
4310971,2312916,10.0
4323001,486630,5.135158
4325041,2295755,6.3700466
4334830,1836702,8.707587
4336951,2295424,9.765983
4339750,2064647,0.0
4355401,4782199,9.292787
4360141,2575351,10.0
4362070,2193128,8.111006
4370401,434096,8.539636
4372681,25357,8.437142
4376950,854210,7.7338476
4383640,3075385,9.606509
4385551,1902448,8.995269
4391131,4908796,8.640618
4392121,1796985,7.6527596
4393621,310397,8.467356
4399300,2541759,6.176126
4403230,2537131,8.222423
4413610,24722,6.34147
4414831,2539268,8.708035
4424200,470603,6.5161095
4427920,3160129,10.0
4437091,3989056,7.2375484
4438300,4399000,9.761346
4441291,2550430,7.6685004
4444120,419262,9.0975485
4454581,2368325,3.4861782
4463281,3113920,8.053879
4465660,254727,5.976205
4466491,131005,9.082101
4467691,1968254,9.62601
4468210,454358,8.017067
4474021,1319281,7.857921
4484281,692435,8.476638
4487371,1035814,9.847532
4496551,870594,8.875382
4499701,4421068,7.6805563
4499740,2427627,6.33273
4523140,1293198,5.8876953
4526860,247330,3.313894
4528621,4019920,6.815695
4537801,443298,7.7148976
4543810,2308812,5.157915
4554961,3994384,9.193317
4556641,324999,9.467473
4570021,2375878,6.8138337
4571680,6034,5.8971524
4594990,2466103,7.992713
4600180,2737394,7.9699636
4600420,2436166,5.1478047
4600660,2989726,7.7588134
4601761,1716312,7.4064345
4606720,215689,6.527118
4611910,465150,7.9047318
4615510,2318816,4.7230163
4624381,1831338,8.237913
4628590,2379664,8.983669
4629031,446010,8.820828
4641700,867246,9.285666
4643521,2460999,9.449038
4648000,2360253,8.2902155
4648120,525259,3.6627884
4648630,2131332,8.411733
4649500,2108430,8.595147
4650070,531902,7.0557113
4650841,2570731,4.931525
4652140,1325450,8.9557495
4657531,480575,1.19703
4658110,2930500,8.575563
4663990,1727705,8.262602
4665430,1332924,5.99059
4671061,4235479,9.114675
4671571,5143300,6.320144
4674700,32181,10.0
4676080,2370485,9.562483
4678450,3912373,1.0962132
4678780,3270286,10.0
4679530,2499205,2.042231
4679731,4748464,9.759898
4680391,224489,4.4456267
4681900,2883868,10.0
4681981,2854876,9.882763
4682071,2430403,8.893283
4682440,4813621,9.345347
4683370,2607217,9.3929205
4686440,2470824,9.706389
4687060,1093636,6.9526453
4687210,4421068,8.037111
4688020,1354670,8.055021
4689280,2485076,0.33828315
4690171,2233630,6.822094
4690330,1968152,8.830789
4691650,4338379,8.896209
4693501,4798333,9.245165
4694800,2145197,8.225218
4694941,2580021,7.7017746
4695001,2599139,8.704511
4696090,1819862,8.65194
4696891,4807633,7.5741568
4698151,1101948,4.7748585
4698691,212216,9.338644
4699390,2808394,6.7925057
4699960,78643,8.184949
4700050,8369,9.289224
4703110,4268824,10.0
4703131,722880,9.35979
4703170,399718,10.0
4704391,574430,8.173162
4708210,2274734,9.452518
4713070,1829987,7.7470393
4718521,3174526,9.650538
4719331,1366582,8.229989
4721401,2209477,8.5757675
4725961,2759493,8.635913
4730461,1334597,9.231794
4731061,313514,5.397338
4731550,2573241,7.391331
4731670,1082400,9.543198
4732540,249020,7.767069
4732921,4611985,9.277977
4734691,464534,4.459029
4739281,2580687,8.020783
4741561,2534942,9.411871
4741960,2576730,7.515625
4742851,1761924,9.827703
4743691,2469397,8.514973
4744471,186343,7.7635446
4749160,1105056,0.31803384
4749580,1088585,6.46077
4750660,562513,9.130911
4751191,31099,7.0880694
4753930,867177,7.6701922
4755970,2602071,9.22644
4757551,443466,8.123022
4762690,536767,6.4856215
4764901,317849,6.9607263
4767091,4535863,10.0
4767781,1345763,7.754833
4771381,389215,8.817834
4786231,2473276,9.400034
4788031,2596999,7.4802265
4803541,2216349,6.5373144
4807021,2494167,8.066526
4807060,2129220,8.463431
4811830,1897536,8.918726
4814521,2607835,6.1993327
4820020,126927,6.434848
4821211,496089,6.283243
4825291,2534924,9.694378
4827451,96964,7.7370915
4829590,1856383,9.724542
4830661,78637,8.362155
4832551,2905483,9.306587
4841491,2286863,7.902747
4844911,3110287,9.554456
4850920,2854909,9.115212
4851481,211163,6.644676
4855051,10480,10.0
4856011,963118,9.329265
4857040,4631788,9.071708
4862041,912823,8.112821
4864270,3839527,5.762098
4864900,2341451,6.1367636
4865221,1820546,8.040631
4877980,2527069,6.8171296
4887091,443473,7.598331
4900150,351403,9.488316
4900561,4147033,10.0
4903531,459282,9.12257
4906111,2107,7.167139
4912771,607103,9.403508
4912780,305091,8.291235
4913221,2281291,9.264274
4913881,2467103,9.292968
4924300,315793,7.538563
4927321,218833,9.151219
4927801,5194960,9.371271
4928461,2580687,8.900716
4930390,5198926,5.1842237
4931401,716134,7.1292896
4933261,2287671,6.992636
4939030,166554,8.105577
4948480,2605895,9.106732
4954711,2576226,0.92508996
4955911,2905483,9.7709875
4959661,6841975,8.155155
4963510,2180196,8.214066
4967080,2177258,7.9718785
4970800,4874203,10.0
4973020,2195786,7.924503
4974970,3913879,8.214005
4977691,2896486,1.5285615
4981021,2259945,9.854287
4981321,1101948,6.52519
4986211,2587259,9.620856
4991590,2186305,8.674906
4993750,3730834,9.82537
4995370,2259510,8.15399
4995931,308810,2.3243585
4998811,2101235,7.0919175
5011291,7739588,7.4978156
5014060,211217,8.175619
5022121,113710,7.237214
5022910,2472795,8.202093
5028550,691258,8.947538
5030191,722880,9.051551
5036530,843803,9.429671
5037001,1330247,9.240228
5038921,317968,8.536341
5040391,2445599,8.761843
5042080,2897803,8.164976
5042491,681803,5.615229
5045080,2129220,8.987225
5045251,5679028,8.504606
5048761,2603306,6.3354535
5054410,854210,7.468003
5058181,2603531,4.9904428
5060731,463181,4.7882204
5073751,3610228,1.0080729
5076391,2286863,8.757428
5086690,2349719,7.806256
5097310,4783621,10.0
5098090,2450614,9.260621
5102770,2754294,9.337331
5107651,2273687,7.833555
5107780,1796985,9.872446
5111740,2588406,9.252266
5113261,2930800,9.354225
5113801,520845,10.0
5121520,1990404,9.482012
5123071,103890,9.015418
5123110,2433873,6.9916143
5127031,4296253,8.8611
5128060,2203815,0.7516856
5128630,1757592,9.63235
5134570,554183,7.630869
5138101,4018390,5.63302
5138401,2019613,8.769895
5146870,1073705,7.5307317
5153671,541307,6.2009206
5155060,1796985,9.798156
5159860,2477554,7.066155
5160541,454358,7.3009224
5170471,1773733,6.8843865
5174431,4778437,9.109577
5175100,2344254,9.09815
5177371,1796985,8.381462
5181271,8369,10.0
5184070,3442753,0.3583999
5184580,2759493,8.546595
5186281,4183798,9.855205
5196790,2454970,9.015175
5199220,2770245,10.0
5209240,458860,7.5349145
5213710,2530462,6.8784494
5216050,4183798,10.0
5216110,4183798,9.570456
5216170,4183798,9.570456
5218531,621624,8.751296
5219611,4183798,10.0
5219620,4183798,10.0
5222350,3113920,9.790165
5225401,3156229,1.5754513
5238070,206553,5.795775
5239690,2389784,8.266626
5239750,531001,10.0
5242030,308362,8.6616335
5249170,2371625,8.820632
5251261,312875,10.0
5252791,474003,9.507277
5254690,4127287,7.4988527
5255641,460127,10.0
5268901,1215868,8.82525
5277361,5000536,9.780595
5280340,2438333,5.310676
5282440,1593477,8.997876
5296450,446229,6.3591924
5305690,1753316,9.695824
5306350,2409026,8.438888
5310751,218833,8.832573
5311180,2466103,8.302425
5314900,3442984,7.583968
5320930,485732,9.848372
5330830,3795157,6.80534
5331181,2883667,10.0
5331301,2193265,9.665948
5335171,2537999,10.0
5336080,5144344,8.38779
5348020,449274,8.350733
5349850,2580688,9.156267
5356921,4421068,7.745782
5360251,2312916,10.0
5363491,439491,10.0
5368831,625734,8.942641
5370310,2985898,9.036839
5371171,1122607,9.0175085
5372080,173309,10.0
5372320,3739819,10.0
5373781,4575061,10.0
5386981,2450614,8.649323
5393431,2588712,8.5681
5393830,2307589,8.693655
5396581,2575023,7.974032
5397760,321150,1.787982
5404870,2830777,7.5008025
5405620,305091,8.866074
5406490,5093221,7.391683
5414530,1379172,6.426883
5422831,6094612,9.721543
5429080,995330,9.9716
5440621,2601614,9.760308
5440891,4834366,8.846682
5442040,3036901,7.4915543
5442871,326893,8.287029
5443831,2298584,0.0
5448541,3419002,9.87911
5453050,181149,8.090983
5453401,1201840,9.652829
5456560,4204885,9.822553
5458231,2301068,7.4341807
5459350,2469397,9.108366
5460211,2939866,1.2544168
5460610,628495,6.7712827
5461741,2381753,7.9414706
5463310,2550430,8.627563
5464870,4421068,7.812639
5473591,6034,7.8704095
5473681,2246213,9.066371
5474191,1380964,10.0
5474311,2338203,7.1385508
5480611,4705573,9.190415
5482000,105269,7.089213
5489131,2301594,10.0
5491921,3910687,9.669278
5492791,11936,8.466202
5497810,453395,5.993392
5507371,2478432,8.046414
5508211,2321956,8.665071
5508901,1020453,10.0
5512261,2285231,2.635251
5515060,496905,0.63257617
5520280,307422,9.627204
5520820,3782353,2.29037
5522080,5075125,9.951518
5522461,4249822,9.617033
5527021,1462299,8.359244
5529511,2187406,9.610093
5531611,4175653,9.659733
5533570,2165949,1.7555245
5536591,2250220,6.8108296
5538841,2855431,7.1567383
5546530,4282375,7.1131783
5553031,1367817,6.411438
5560810,850815,9.646787
5561320,2855920,2.1957138
5563930,446229,9.554179
5564161,3075385,8.452086
5564671,2292891,7.4882145
5566000,1895551,7.6930075
5568361,2759493,7.7049127
5575060,2989726,8.084177
5578741,1231287,0.0
5580151,2127917,10.0
5583121,2295424,6.953877
5583181,2101235,9.465102
5587660,4760008,10.0
5588191,458860,3.0548482
5590291,998089,10.0
5594200,15148,5.635373
5594650,3113920,9.884943
5594860,100178,7.8776693
5595460,2142446,10.0
5598511,1380964,8.103006
5599570,4370989,1.2709403
5603050,491017,7.9175105
5609221,2854876,7.298883
5609881,2494167,6.4402614
5616100,4735141,10.0
5616181,2332590,10.0
5620180,2391259,7.1380315
5628160,3959167,9.8037195
5630500,1796985,9.524509
5632561,3959155,6.0863047
5639320,3853426,9.49762
5646511,6073047,8.267792
5647540,36960,7.5386014
5647951,1360858,8.085725
5652481,254094,9.657374
5661250,1609097,7.091025
5661880,5256244,9.343798
5675251,2241334,10.0
5675701,7804328,7.9171543
5689120,2215170,9.3496685
5699230,4627999,9.458149
6459040,443150,8.209477
10335850,2435229,10.0
10987250,1753284,6.8101907
